value,timestamp
6137,69780
8,69781
8,69782
63,69783
-64,69784
9,69785
-11,69786
-21,69787
27,69788
-9,69789
-35,69790
127,69791
-46,69792
-3,69793
9,69794
8,69795
65,69796
-14,69797
-12,69798
67,69799
-83,69800
-23,69801
-10,69802
-36,69803
65,69804
-49,69805
17,69806
-14,69807
16,69808
-11,69809
8,69810
8,69811
76,69812
-64,69813
29,69814
9,69815
-16,69816
95,69817
-60,69818
-33,69819
-14,69820
-32,69821
53,69822
-29,69823
31,69824
67,69825
-39,69826
11,69827
-10,69828
-39,69829
8,69830
-32,69831
-15,69832
-11,69833
37,69834
-3,69835
-10,69836
88,69837
-45,69838
31,69839
47,69840
-38,69841
64,69842
-37,69843
9,69844
47,69845
-15,69846
2,69847
5,69848
9,69849
109,69850
-70,69851
31,69852
67,69853
-39,69854
47,69855
-10,69856
-13,69857
108,69858
-23,69859
-16,69860
-15,69861
-11,69862
16,69863
-1,69864
11,69865
87,69866
-39,69867
19,69868
-9,69869
-34,69870
86,69871
-4,69872
-5,69873
-11,69874
8,69875
73,69876
-61,69877
-11,69878
110,69879
-62,69880
11,69881
-30,69882
-36,69883
105,69884
-76,69885
-39,69886
8,69887
-31,69888
65,69889
-69,69890
31,69891
5,69892
-37,69893
85,69894
-23,69895
5,69896
46,69897
8,69898
-2,69899
-39,69900
-10,69901
-10,69902
-17,69903
104,69904
-57,69905
-33,69906
-14,69907
24,69908
108,69909
17,69910
-8,69911
-11,69912
-13,69913
73,69914
-61,69915
-11,69916
-11,69917
-42,69918
31,69919
64,69920
-81,69921
29,69922
9,69923
-36,69924
62,69925
-25,69926
-11,69927
46,69928
9,69929
2,69930
-20,69931
10,69932
109,69933
-40,69934
10,69935
11,69936
-36,69937
106,69938
-70,69939
-37,69940
121,69941
-10,69942
-16,69943
65,69944
-49,69945
-14,69946
6,69947
-11,69948
51,69949
-20,69950
7,69951
-1,69952
6,69953
9,69954
96,69955
-86,69956
-2,69957
-10,69958
-36,69959
65,69960
-50,69961
-15,69962
125,69963
-31,69964
52,69965
-38,69966
11,69967
12,69968
-86,69969
84,69970
45,69971
-88,69972
52,69973
68,69974
-36,69975
106,69976
-15,69977
-16,69978
7,69979
-31,69980
43,69981
-11,69982
-11,69983
77,69984
-66,69985
50,69986
65,69987
-36,69988
101,69989
-12,69990
-31,69991
-15,69992
10,69993
14,69994
-42,69995
-10,69996
43,69997
-40,69998
11,69999
86,70000
-38,70001
83,70002
51,70003
-13,70004
102,70005
-32,70006
-31,70007
-15,70008
11,70009
34,70010
-22,70011
51,70012
98,70013
-57,70014
19,70015
32,70016
-35,70017
107,70018
-4,70019
-42,70020
-12,70021
-11,70022
67,70023
-76,70024
12,70025
63,70026
-36,70027
84,70028
-23,70029
-12,70030
46,70031
27,70032
0,70033
-16,70034
-31,70035
83,70036
-66,70037
40,70038
111,70039
-60,70040
-40,70041
98,70042
-68,70043
-52,70044
85,70045
8,70046
-63,70047
46,70048
23,70049
-49,70050
88,70051
79,70052
-64,70053
11,70054
118,70055
-44,70056
-32,70057
73,70058
1,70059
-43,70060
69,70061
69,70062
-34,70063
93,70064
89,70065
-89,70066
12,70067
101,70068
-28,70069
-32,70070
106,70071
49,70072
-38,70073
100,70074
49,70075
-59,70076
60,70077
71,70078
-56,70079
27,70080
98,70081
-55,70082
-10,70083
99,70084
-28,70085
-34,70086
102,70087
81,70088
-61,70089
71,70090
81,70091
-90,70092
58,70093
92,70094
-98,70095
36,70096
99,70097
-30,70098
-45,70099
117,70100
40,70101
-51,70102
42,70103
86,70104
-102,70105
-11,70106
99,70107
-11,70108
-24,70109
98,70110
78,70111
-88,70112
62,70113
72,70114
-58,70115
0,70116
98,70117
-66,70118
-33,70119
82,70120
-23,70121
-57,70122
59,70123
43,70124
-74,70125
90,70126
74,70127
-49,70128
25,70129
124,70130
-25,70131
-37,70132
93,70133
-57,70134
-33,70135
121,70136
2,70137
-25,70138
78,70139
38,70140
-59,70141
98,70142
92,70143
-59,70144
25,70145
74,70146
-14,70147
-30,70148
79,70149
-15,70150
-63,70151
39,70152
27,70153
-82,70154
82,70155
54,70156
-48,70157
30,70158
106,70159
-65,70160
-54,70161
95,70162
-37,70163
-39,70164
-78,70165
-23,70166
96,70167
-43,70168
-41,70169
126,70170
56,70171
-96,70172
74,70173
33,70174
-91,70175
67,70176
95,70177
-56,70178
24,70179
130,70180
-41,70181
-7,70182
101,70183
-29,70184
-37,70185
87,70186
77,70187
-73,70188
56,70189
71,70190
-56,70191
78,70192
86,70193
-102,70194
10,70195
95,70196
-39,70197
-41,70198
114,70199
43,70200
13,70201
109,70202
-43,70203
-22,70204
141,70205
-19,70206
-29,70207
107,70208
86,70209
-66,70210
71,70211
98,70212
-43,70213
22,70214
101,70215
-49,70216
-24,70217
114,70218
42,70219
-64,70220
81,70221
83,70222
-31,70223
75,70224
74,70225
-20,70226
-8,70227
116,70228
-19,70229
25,70230
78,70231
16,70232
17,70233
49,70234
56,70235
-57,70236
52,70237
101,70238
-70,70239
10,70240
120,70241
-3,70242
-14,70243
112,70244
91,70245
-44,70246
58,70247
79,70248
-65,70249
8,70250
124,70251
-19,70252
-18,70253
67,70254
14,70255
-9,70256
88,70257
12,70258
-38,70259
77,70260
65,70261
-46,70262
13,70263
95,70264
-64,70265
-9,70266
69,70267
-23,70268
-71,70269
62,70270
54,70271
-57,70272
58,70273
90,70274
-86,70275
-3,70276
122,70277
-35,70278
-13,70279
116,70280
47,70281
-68,70282
34,70283
72,70284
-66,70285
26,70286
121,70287
-25,70288
-21,70289
112,70290
-61,70291
-79,70292
19,70293
95,70294
-35,70295
31,70296
118,70297
19,70298
33,70299
87,70300
14,70301
-4,70302
89,70303
98,70304
-42,70305
53,70306
122,70307
-28,70308
12,70309
101,70310
-41,70311
19,70312
107,70313
35,70314
-22,70315
61,70316
96,70317
-33,70318
36,70319
118,70320
-2,70321
-16,70322
96,70323
90,70324
-26,70325
51,70326
88,70327
-20,70328
45,70329
118,70330
-46,70331
1,70332
124,70333
36,70334
-3,70335
109,70336
96,70337
-40,70338
53,70339
79,70340
-44,70341
-8,70342
102,70343
-61,70344
20,70345
102,70346
35,70347
-20,70348
56,70349
36,70350
-4,70351
93,70352
95,70353
-46,70354
52,70355
144,70356
-29,70357
52,70358
97,70359
-44,70360
28,70361
117,70362
18,70363
15,70364
86,70365
56,70366
-24,70367
53,70368
90,70369
-23,70370
39,70371
119,70372
-71,70373
40,70374
102,70375
17,70376
-22,70377
58,70378
65,70379
-47,70380
48,70381
125,70382
-30,70383
29,70384
141,70385
16,70386
-25,70387
110,70388
115,70389
-58,70390
86,70391
106,70392
-54,70393
30,70394
99,70395
-73,70396
-16,70397
54,70398
-4,70399
-66,70400
51,70401
50,70402
-58,70403
17,70404
109,70405
-41,70406
-18,70407
89,70408
-4,70409
-44,70410
62,70411
35,70412
-48,70413
215,70414
53,70415
-87,70416
136,70417
41,70418
23,70419
-18,70420
101,70421
-3,70422
-56,70423
65,70424
28,70425
-52,70426
52,70427
125,70428
-39,70429
40,70430
99,70431
-45,70432
-60,70433
101,70434
77,70435
-49,70436
42,70437
74,70438
-71,70439
54,70440
89,70441
-71,70442
-5,70443
120,70444
-5,70445
-33,70446
102,70447
-6,70448
-62,70449
34,70450
31,70451
-76,70452
64,70453
83,70454
-48,70455
13,70456
120,70457
-26,70458
-13,70459
109,70460
22,70461
-66,70462
79,70463
70,70464
-82,70465
30,70466
85,70467
-63,70468
0,70469
122,70470
28,70471
-37,70472
82,70473
88,70474
-56,70475
17,70476
138,70477
-62,70478
-17,70479
101,70480
-46,70481
-20,70482
123,70483
47,70484
-42,70485
76,70486
51,70487
-36,70488
65,70489
72,70490
-59,70491
29,70492
102,70493
-111,70494
-20,70495
122,70496
-13,70497
-12,70498
86,70499
-14,70500
-37,70501
49,70502
64,70503
-38,70504
61,70505
88,70506
-27,70507
-22,70508
102,70509
-21,70510
-28,70511
100,70512
44,70513
-66,70514
55,70515
87,70516
-41,70517
48,70518
117,70519
-45,70520
57,70521
123,70522
11,70523
-14,70524
110,70525
46,70526
-37,70527
63,70528
93,70529
-34,70530
54,70531
92,70532
-102,70533
7,70534
101,70535
-7,70536
-39,70537
107,70538
-9,70539
-69,70540
57,70541
109,70542
-34,70543
61,70544
112,70545
-82,70546
87,70547
22,70548
99,70549
-41,70550
-17,70551
109,70552
22,70553
-41,70554
88,70555
70,70556
-32,70557
77,70558
101,70559
-44,70560
-20,70561
96,70562
44,70563
-55,70564
70,70565
87,70566
-77,70567
51,70568
115,70569
-5,70570
-23,70571
71,70572
61,70573
-52,70574
67,70575
91,70576
-13,70577
35,70578
101,70579
-44,70580
-20,70581
77,70582
-80,70583
74,70584
78,70585
15,70586
-22,70587
71,70588
81,70589
-47,70590
54,70591
122,70592
-61,70593
0,70594
94,70595
6,70596
-53,70597
71,70598
115,70599
-44,70600
67,70601
83,70602
-62,70603
-29,70604
51,70605
128,70606
-75,70607
50,70608
110,70609
-6,70610
-2,70611
75,70612
78,70613
-70,70614
98,70615
67,70616
-22,70617
89,70618
105,70619
-59,70620
51,70621
78,70622
35,70623
17,70624
73,70625
21,70626
-45,70627
45,70628
90,70629
-73,70630
58,70631
81,70632
-102,70633
24,70634
136,70635
-41,70636
-51,70637
72,70638
93,70639
-42,70640
65,70641
100,70642
-42,70643
16,70644
69,70645
36,70646
-2,70647
33,70648
77,70649
-29,70650
54,70651
102,70652
-101,70653
23,70654
133,70655
-44,70656
1,70657
85,70658
12,70659
55,70660
113,70661
-26,70662
-41,70663
70,70664
56,70665
-26,70666
33,70667
101,70668
-121,70669
42,70670
136,70671
-40,70672
-30,70673
95,70674
114,70675
-45,70676
26,70677
115,70678
-42,70679
-68,70680
80,70681
20,70682
-13,70683
51,70684
69,70685
-35,70686
73,70687
108,70688
-6,70689
19,70690
57,70691
42,70692
-32,70693
41,70694
73,70695
-23,70696
51,70697
99,70698
-63,70699
-19,70700
84,70701
36,70702
-66,70703
73,70704
61,70705
-26,70706
48,70707
121,70708
-121,70709
1,70710
115,70711
-15,70712
-79,70713
72,70714
94,70715
-23,70716
47,70717
80,70718
-62,70719
3,70720
93,70721
29,70722
-45,70723
85,70724
71,70725
-48,70726
30,70727
102,70728
-102,70729
18,70730
138,70731
-40,70732
-70,70733
92,70734
95,70735
-29,70736
51,70737
90,70738
-97,70739
34,70740
85,70741
-101,70742
-3,70743
56,70744
-45,70745
-21,70746
98,70747
64,70748
-58,70749
63,70750
86,70751
-80,70752
52,70753
79,70754
-6,70755
-83,70756
72,70757
65,70758
-25,70759
68,70760
122,70761
-122,70762
40,70763
136,70764
-17,70765
-78,70766
89,70767
96,70768
-44,70769
54,70770
95,70771
-22,70772
-16,70773
69,70774
0,70775
-64,70776
65,70777
71,70778
-73,70779
36,70780
100,70781
-44,70782
-21,70783
98,70784
43,70785
-37,70786
49,70787
89,70788
-97,70789
115,70790
111,70791
-6,70792
19,70793
76,70794
-9,70795
-40,70796
71,70797
74,70798
-45,70799
70,70800
111,70801
-63,70802
-17,70803
70,70804
-21,70805
99,70806
18,70807
-51,70808
53,70809
67,70810
-34,70811
92,70812
106,70813
-122,70814
-2,70815
114,70816
-16,70817
-79,70818
52,70819
93,70820
-66,70821
46,70822
91,70823
-35,70824
93,70825
107,70826
-6,70827
19,70828
77,70829
42,70830
-59,70831
56,70832
86,70833
-58,70834
51,70835
77,70836
-30,70837
-41,70838
12,70839
56,70840
-28,70841
52,70842
103,70843
-80,70844
25,70845
108,70846
-44,70847
-45,70848
55,70849
60,70850
-47,70851
45,70852
86,70853
-80,70854
58,70855
83,70856
-30,70857
51,70858
98,70859
-62,70860
-17,70861
81,70862
27,70863
-40,70864
35,70865
55,70866
-28,70867
31,70868
83,70869
-81,70870
27,70871
104,70872
-44,70873
-43,70874
52,70875
51,70876
-41,70877
41,70878
90,70879
-121,70880
40,70881
134,70882
-18,70883
-72,70884
71,70885
131,70886
-35,70887
52,70888
70,70889
-76,70890
89,70891
105,70892
-66,70893
0,70894
98,70895
66,70896
-63,70897
65,70898
67,70899
-99,70900
52,70901
114,70902
-26,70903
19,70904
56,70905
43,70906
-32,70907
59,70908
104,70909
-81,70910
50,70911
102,70912
-47,70913
-45,70914
72,70915
59,70916
-25,70917
48,70918
102,70919
-102,70920
6,70921
154,70922
-42,70923
-67,70924
91,70925
63,70926
-86,70927
62,70928
70,70929
-54,70930
59,70931
139,70932
-23,70933
98,70934
42,70935
-36,70936
57,70937
104,70938
-80,70939
30,70940
77,70941
-28,70942
-42,70943
32,70944
59,70945
-28,70946
51,70947
83,70948
-81,70949
7,70950
111,70951
-64,70952
-39,70953
81,70954
13,70955
-68,70956
86,70957
71,70958
-76,70959
47,70960
83,70961
-81,70962
24,70963
98,70964
-63,70965
-18,70966
84,70967
14,70968
-68,70969
64,70970
72,70971
-75,70972
74,70973
83,70974
-81,70975
24,70976
100,70977
-43,70978
3,70979
83,70980
10,70981
-48,70982
35,70983
56,70984
-29,70985
73,70986
105,70987
-81,70988
25,70989
107,70990
-44,70991
3,70992
102,70993
30,70994
-72,70995
82,70996
47,70997
-70,70998
103,70999
113,71000
-103,71001
-32,71002
96,71003
-29,71004
-120,71005
136,71006
46,71007
-97,71008
40,71009
137,71010
-48,71011
-31,71012
92,71013
12,71014
-58,71015
119,71016
41,71017
-103,71018
57,71019
114,71020
-104,71021
-6,71022
117,71023
-101,71024
-62,71025
75,71026
-1,71027
-85,71028
84,71029
72,71030
-167,71031
18,71032
114,71033
-112,71034
7,71035
126,71036
-34,71037
-78,71038
88,71039
63,71040
-50,71041
76,71042
109,71043
-85,71044
26,71045
99,71046
-83,71047
-41,71048
128,71049
8,71050
-100,71051
90,71052
90,71053
-56,71054
23,71055
146,71056
-24,71057
-64,71058
115,71059
83,71060
-72,71061
-42,71062
106,71063
-19,71064
-45,71065
89,71066
83,71067
-44,71068
68,71069
61,71070
-69,71071
37,71072
114,71073
-31,71074
-18,71075
91,71076
31,71077
-36,71078
73,71079
77,71080
-42,71081
34,71082
119,71083
-26,71084
-31,71085
68,71086
-33,71087
-43,71088
46,71089
36,71090
-71,71091
82,71092
83,71093
-64,71094
-33,71095
97,71096
-10,71097
-24,71098
99,71099
34,71100
-69,71101
52,71102
67,71103
-60,71104
12,71105
84,71106
-38,71107
-28,71108
89,71109
6,71110
-36,71111
97,71112
77,71113
-41,71114
77,71115
66,71116
-57,71117
6,71118
83,71119
-51,71120
-27,71121
77,71122
-5,71123
-57,71124
87,71125
25,71126
-53,71127
88,71128
75,71129
-48,71130
20,71131
100,71132
-46,71133
35,71134
100,71135
-43,71136
-51,71137
110,71138
51,71139
-62,71140
70,71141
58,71142
-62,71143
68,71144
68,71145
-80,71146
35,71147
103,71148
-38,71149
-46,71150
104,71151
48,71152
-48,71153
58,71154
67,71155
-90,71156
49,71157
77,71158
-64,71159
48,71160
100,71161
-18,71162
-45,71163
70,71164
27,71165
-42,71166
65,71167
94,71168
-50,71169
65,71170
80,71171
-50,71172
33,71173
97,71174
-57,71175
20,71176
79,71177
-77,71178
10,71179
102,71180
-78,71181
-14,71182
77,71183
-32,71184
-59,71185
53,71186
111,71187
41,71188
-13,71189
-101,71190
73,71191
97,71192
-52,71193
22,71194
155,71195
-33,71196
-65,71197
101,71198
43,71199
-58,71200
76,71201
89,71202
-116,71203
46,71204
123,71205
-104,71206
4,71207
149,71208
-23,71209
-52,71210
120,71211
73,71212
-56,71213
78,71214
133,71215
-104,71216
25,71217
128,71218
-63,71219
-49,71220
87,71221
-39,71222
-98,71223
76,71224
99,71225
-73,71226
5,71227
153,71228
-54,71229
-12,71230
102,71231
19,71232
-67,71233
118,71234
46,71235
-90,71236
29,71237
154,71238
-98,71239
-37,71240
76,71241
-3,71242
-84,71243
78,71244
71,71245
-109,71246
14,71247
140,71248
-93,71249
1,71250
134,71251
-7,71252
-81,71253
90,71254
88,71255
-69,71256
95,71257
146,71258
-98,71259
-29,71260
91,71261
9,71262
-93,71263
90,71264
94,71265
-79,71266
13,71267
140,71268
-49,71269
1,71270
153,71271
-1,71272
-75,71273
106,71274
56,71275
-47,71276
77,71277
120,71278
-48,71279
3,71280
123,71281
-19,71282
-30,71283
54,71284
54,71285
-66,71286
42,71287
103,71288
-88,71289
78,71290
120,71291
-67,71292
-41,71293
141,71294
21,71295
-62,71296
67,71297
97,71298
-77,71299
94,71300
110,71301
-52,71302
-2,71303
37,71304
56,71305
-55,71306
67,71307
109,71308
-101,71309
8,71310
142,71311
-20,71312
-27,71313
55,71314
47,71315
-80,71316
16,71317
-53,71318
135,71319
55,71320
-94,71321
79,71322
118,71323
-70,71324
-21,71325
91,71326
-24,71327
-57,71328
54,71329
48,71330
-65,71331
35,71332
103,71333
-123,71334
4,71335
136,71336
-39,71337
-64,71338
74,71339
58,71340
-88,71341
30,71342
96,71343
-22,71344
4,71345
153,71346
-26,71347
-74,71348
104,71349
44,71350
-71,71351
70,71352
143,71353
-63,71354
-6,71355
105,71356
8,71357
3,71358
57,71359
43,71360
-93,71361
60,71362
96,71363
-80,71364
9,71365
107,71366
-62,71367
-25,71368
140,71369
3,71370
-96,71371
119,71372
56,71373
-27,71374
55,71375
140,71376
-67,71377
-40,71378
110,71379
-4,71380
-60,71381
96,71382
38,71383
-111,71384
98,71385
139,71386
-71,71387
-42,71388
126,71389
3,71390
-64,71391
108,71392
75,71393
-90,71394
106,71395
125,71396
-92,71397
-42,71398
125,71399
46,71400
-67,71401
100,71402
75,71403
-118,71404
74,71405
126,71406
-54,71407
25,71408
139,71409
1,71410
-42,71411
52,71412
79,71413
-66,71414
24,71415
78,71416
-63,71417
23,71418
145,71419
-37,71420
-65,71421
67,71422
83,71423
-85,71424
26,71425
79,71426
-65,71427
110,71428
124,71429
-124,71430
48,71431
94,71432
-24,71433
-1,71434
116,71435
-60,71436
5,71437
38,71438
25,71439
-88,71440
88,71441
65,71442
-71,71443
43,71444
50,71445
112,71446
-62,71447
-12,71448
132,71449
-13,71450
-68,71451
88,71452
62,71453
-42,71454
109,71455
74,71456
-70,71457
84,71458
104,71459
-88,71460
-41,71461
141,71462
-62,71463
-59,71464
116,71465
1,71466
-54,71467
123,71468
43,71469
-49,71470
66,71471
104,71472
-42,71473
-20,71474
133,71475
-3,71476
-90,71477
107,71478
63,71479
-71,71480
52,71481
114,71482
-22,71483
4,71484
154,71485
-33,71486
-88,71487
86,71488
62,71489
-66,71490
28,71491
78,71492
-62,71493
4,71494
120,71495
-39,71496
-64,71497
55,71498
35,71499
-63,71500
49,71501
102,71502
-104,71503
80,71504
118,71505
-46,71506
-20,71507
89,71508
14,71509
-75,71510
136,71511
55,71512
-48,71513
75,71514
141,71515
-64,71516
-59,71517
159,71518
-21,71519
-84,71520
123,71521
44,71522
-72,71523
51,71524
104,71525
-42,71526
-19,71527
154,71528
-30,71529
-90,71530
90,71531
63,71532
-88,71533
25,71534
94,71535
-108,71536
112,71537
101,71538
-69,71539
-20,71540
95,71541
17,71542
-59,71543
124,71544
44,71545
-74,71546
86,71547
95,71548
-79,71549
36,71550
120,71551
-58,71552
-29,71553
105,71554
-39,71555
-44,71556
53,71557
71,71558
-63,71559
51,71560
107,71561
-123,71562
6,71563
94,71564
-26,71565
-16,71566
96,71567
47,71568
-88,71569
81,71570
97,71571
-119,71572
114,71573
-122,71574
4,71575
110,71576
-49,71577
-31,71578
76,71579
23,71580
-92,71581
87,71582
65,71583
-85,71584
44,71585
92,71586
-102,71587
21,71588
136,71589
-63,71590
-60,71591
75,71592
42,71593
-105,71594
50,71595
93,71596
-102,71597
9,71598
103,71599
-24,71600
-34,71601
157,71602
-34,71603
-37,71604
126,71605
24,71606
-63,71607
97,71608
56,71609
-69,71610
76,71611
141,71612
-50,71613
74,71614
159,71615
-55,71616
-43,71617
124,71618
48,71619
-66,71620
129,71621
55,71622
-69,71623
83,71624
81,71625
-80,71626
16,71627
153,71628
-59,71629
-24,71630
82,71631
-62,71632
-60,71633
74,71634
64,71635
-86,71636
54,71637
96,71638
-102,71639
-6,71640
158,71641
-39,71642
-28,71643
81,71644
23,71645
-65,71646
101,71647
73,71648
-71,71649
109,71650
138,71651
-67,71652
-21,71653
111,71654
-60,71655
-34,71656
21,71657
48,71658
-69,71659
97,71660
53,71661
-53,71662
74,71663
110,71664
-122,71665
10,71666
103,71667
-41,71668
3,71669
122,71670
-36,71671
-46,71672
101,71673
-2,71674
-57,71675
134,71676
35,71677
-49,71678
69,71679
94,71680
-96,71681
78,71682
135,71683
-91,71684
-22,71685
124,71686
-42,71687
-30,71688
56,71689
46,71690
-56,71691
85,71692
93,71693
-98,71694
71,71695
56,71696
-88,71697
56,71698
142,71699
-90,71700
-72,71701
91,71702
82,71703
-65,71704
67,71705
108,71706
-123,71707
6,71708
89,71709
-64,71710
-2,71711
138,71712
-48,71713
-73,71714
89,71715
41,71716
-110,71717
44,71718
103,71719
-123,71720
5,71721
136,71722
-46,71723
-37,71724
55,71725
26,71726
-91,71727
76,71728
92,71729
-79,71730
13,71731
131,71732
-56,71733
-43,71734
123,71735
24,71736
-64,71737
82,71738
53,71739
-91,71740
76,71741
112,71742
-101,71743
12,71744
137,71745
-55,71746
-22,71747
80,71748
46,71749
-85,71750
107,71751
75,71752
-92,71753
79,71754
139,71755
-67,71756
-20,71757
109,71758
9,71759
-4,71760
78,71761
51,71762
-62,71763
100,71764
75,71765
-96,71766
106,71767
103,71768
-69,71769
-41,71770
112,71771
-3,71772
-65,71773
40,71774
107,71775
-122,71776
7,71777
110,71778
-18,71779
-4,71780
56,71781
43,71782
-55,71783
92,71784
113,71785
-78,71786
55,71787
129,71788
-53,71789
-42,71790
112,71791
-63,71792
91,71793
55,71794
-91,71795
80,71796
120,71797
-46,71798
-19,71799
107,71800
-38,71801
-3,71802
81,71803
48,71804
-84,71805
100,71806
74,71807
-97,71808
110,71809
117,71810
-88,71811
-41,71812
118,71813
-1,71814
-55,71815
87,71816
55,71817
-47,71818
74,71819
143,71820
-63,71821
-24,71822
116,71823
-25,71824
-62,71825
124,71826
46,71827
-117,71828
-125,71829
123,71830
23,71831
-71,71832
74,71833
78,71834
-68,71835
8,71836
155,71837
-53,71838
-44,71839
106,71840
13,71841
-80,71842
54,71843
95,71844
-125,71845
7,71846
129,71847
-93,71848
14,71849
122,71850
-19,71851
-106,71852
107,71853
7,71854
-105,71855
99,71856
54,71857
-89,71858
94,71859
99,71860
-145,71861
31,71862
114,71863
-56,71864
-45,71865
121,71866
-112,71867
12,71868
100,71869
41,71870
-62,71871
83,71872
33,71873
-62,71874
78,71875
144,71876
-112,71877
35,71878
141,71879
4,71880
-79,71881
155,71882
56,71883
-61,71884
75,71885
108,71886
-121,71887
99,71888
125,71889
-107,71890
-9,71891
143,71892
-28,71893
-83,71894
94,71895
71,71896
-41,71897
62,71898
132,71899
-112,71900
15,71901
142,71902
2,71903
-72,71904
150,71905
70,71906
-42,71907
64,71908
101,71909
-65,71910
-56,71911
101,71912
6,71913
-40,71914
114,71915
70,71916
-101,71917
43,71918
132,71919
-110,71920
-3,71921
118,71922
-44,71923
-51,71924
94,71925
51,71926
-60,71927
107,71928
17,71929
-69,71930
124,71931
50,71932
-63,71933
99,71934
143,71935
-99,71936
-6,71937
104,71938
-37,71939
-95,71940
90,71941
84,71942
-42,71943
78,71944
131,71945
-63,71946
17,71947
142,71948
-1,71949
-37,71950
125,71951
57,71952
-77,71953
70,71954
52,71955
-39,71956
35,71957
135,71958
-62,71959
13,71960
120,71961
25,71962
-95,71963
116,71964
75,71965
-96,71966
79,71967
91,71968
-84,71969
25,71970
142,71971
-84,71972
-64,71973
103,71974
55,71975
-60,71976
122,71977
83,71978
-95,71979
67,71980
146,71981
-108,71982
-21,71983
136,71984
-4,71985
-75,71986
92,71987
66,71988
-62,71989
79,71990
135,71991
-111,71992
28,71993
148,71994
-55,71995
-23,71996
135,71997
21,71998
-106,71999
94,72000
56,72001
-67,72002
116,72003
68,72004
-96,72005
32,72006
79,72007
-96,72008
1,72009
129,72010
-47,72011
-61,72012
91,72013
11,72014
-45,72015
97,72016
98,72017
-98,72018
30,72019
131,72020
-61,72021
-28,72022
139,72023
26,72024
-62,72025
95,72026
-83,72027
13,72028
150,72029
-55,72030
-64,72031
102,72032
-7,72033
-44,72034
98,72035
95,72036
-98,72037
24,72038
150,72039
-81,72040
-27,72041
140,72042
24,72043
-112,72044
119,72045
50,72046
-64,72047
81,72048
133,72049
-107,72050
16,72051
139,72052
-25,72053
-89,72054
139,72055
25,72056
-100,72057
115,72058
75,72059
-62,72060
79,72061
133,72062
-131,72063
16,72064
172,72065
-97,72066
-33,72067
162,72068
-26,72069
-84,72070
110,72071
58,72072
-86,72073
53,72074
110,72075
-140,72076
-13,72077
157,72078
-57,72079
-78,72080
158,72081
16,72082
-118,72083
150,72084
151,72085
-108,72086
9,72087
142,72088
-29,72089
-96,72090
138,72091
60,72092
-80,72093
81,72094
112,72095
-140,72096
-3,72097
152,72098
-84,72099
-48,72100
118,72101
-71,72102
-9,72103
118,72104
24,72105
-91,72106
115,72107
66,72108
-121,72109
84,72110
130,72111
-95,72112
-8,72113
120,72114
-41,72115
-95,72116
139,72117
33,72118
-115,72119
73,72120
86,72121
-65,72122
59,72123
137,72124
-112,72125
-2,72126
175,72127
-69,72128
-28,72129
166,72130
4,72131
-117,72132
92,72133
91,72134
-85,72135
10,72136
162,72137
-89,72138
-23,72139
148,72140
12,72141
-64,72142
118,72143
66,72144
-62,72145
114,72146
164,72147
-99,72148
3,72149
128,72150
-15,72151
-49,72152
154,72153
-56,72154
-62,72155
101,72156
38,72157
-43,72158
115,72159
74,72160
-112,72161
32,72162
168,72163
-101,72164
-23,72165
142,72166
0,72167
-67,72168
120,72169
63,72170
-60,72171
61,72172
121,72173
-107,72174
-16,72175
171,72176
-70,72177
-25,72178
165,72179
-18,72180
-115,72181
73,72182
97,72183
-68,72184
14,72185
163,72186
-88,72187
-79,72188
130,72189
32,72190
-35,72191
138,72192
1,72193
-106,72194
166,72195
33,72196
-48,72197
79,72198
92,72199
-101,72200
15,72201
152,72202
-38,72203
-68,72204
122,72205
29,72206
-42,72207
117,72208
97,72209
-99,72210
31,72211
139,72212
-3,72213
157,72214
-31,72215
-50,72216
122,72217
7,72218
-71,72219
87,72220
103,72221
-74,72222
124,72223
-13,72224
-110,72225
83,72226
97,72227
-71,72228
22,72229
124,72230
-70,72231
-43,72232
114,72233
-3,72234
-62,72235
136,72236
84,72237
-136,72238
51,72239
147,72240
-127,72241
-30,72242
145,72243
-24,72244
-106,72245
143,72246
62,72247
-63,72248
123,72249
86,72250
-140,72251
60,72252
144,72253
-66,72254
11,72255
141,72256
-38,72257
-75,72258
113,72259
58,72260
-65,72261
78,72262
83,72263
-126,72264
63,72265
146,72266
-111,72267
-11,72268
145,72269
-10,72270
-81,72271
106,72272
18,72273
-38,72274
127,72275
79,72276
-96,72277
81,72278
144,72279
-104,72280
-10,72281
144,72282
-35,72283
-77,72284
114,72285
56,72286
-70,72287
72,72288
109,72289
-122,72290
0,72291
188,72292
-58,72293
-101,72294
155,72295
5,72296
-102,72297
94,72298
66,72299
-123,72300
35,72301
137,72302
-76,72303
5,72304
159,72305
-62,72306
-37,72307
138,72308
4,72309
-65,72310
113,72311
78,72312
-68,72313
50,72314
100,72315
-90,72316
-18,72317
149,72318
-40,72319
-61,72320
128,72321
42,72322
-106,72323
71,72324
128,72325
-100,72326
-1,72327
177,72328
-29,72329
-76,72330
131,72331
7,72332
-84,72333
138,72334
56,72335
-82,72336
81,72337
139,72338
-107,72339
-82,72340
-36,72341
127,72342
84,72343
-140,72344
63,72345
147,72346
-112,72347
-14,72348
145,72349
-28,72350
-105,72351
95,72352
87,72353
-43,72354
78,72355
135,72356
-112,72357
18,72358
121,72359
-75,72360
-3,72361
122,72362
-67,72363
-53,72364
93,72365
55,72366
-86,72367
154,72368
59,72369
-99,72370
75,72371
114,72372
-99,72373
-2,72374
158,72375
-55,72376
-71,72377
140,72378
-3,72379
-115,72380
81,72381
61,72382
-67,72383
73,72384
142,72385
-105,72386
19,72387
67,72388
-61,72389
81,72390
90,72391
-99,72392
45,72393
152,72394
-28,72395
-51,72396
119,72397
28,72398
-79,72399
63,72400
115,72401
-121,72402
-6,72403
162,72404
-36,72405
-25,72406
164,72407
2,72408
-95,72409
66,72410
123,72411
-135,72412
21,72413
137,72414
-132,72415
-11,72416
123,72417
-15,72418
-42,72419
153,72420
49,72421
-90,72422
145,72423
79,72424
-111,72425
57,72426
130,72427
-84,72428
-16,72429
148,72430
-6,72431
-48,72432
113,72433
6,72434
-75,72435
99,72436
95,72437
-106,72438
-4,72439
148,72440
-122,72441
17,72442
159,72443
-25,72444
-87,72445
136,72446
58,72447
-99,72448
90,72449
114,72450
-76,72451
-38,72452
164,72453
-36,72454
-48,72455
146,72456
16,72457
-101,72458
116,72459
81,72460
-77,72461
92,72462
131,72463
-83,72464
-18,72465
155,72466
-106,72467
-21,72468
112,72469
-63,72470
83,72471
172,72472
-139,72473
-22,72474
158,72475
-11,72476
-86,72477
115,72478
64,72479
-60,72480
89,72481
128,72482
-120,72483
-45,72484
167,72485
-13,72486
-70,72487
75,72488
36,72489
-26,72490
106,72491
76,72492
-109,72493
21,72494
149,72495
-116,72496
-4,72497
145,72498
-16,72499
-82,72500
138,72501
61,72502
-64,72503
56,72504
114,72505
-92,72506
-12,72507
132,72508
-25,72509
-22,72510
136,72511
-45,72512
-60,72513
81,72514
110,72515
-116,72516
-19,72517
144,72518
-89,72519
-88,72520
73,72521
32,72522
-42,72523
111,72524
76,72525
-110,72526
23,72527
169,72528
-78,72529
-76,72530
86,72531
12,72532
-61,72533
92,72534
64,72535
-62,72536
81,72537
142,72538
-118,72539
-20,72540
142,72541
-32,72542
-51,72543
124,72544
95,72545
-71,72546
93,72547
136,72548
-90,72549
-35,72550
120,72551
0,72552
-85,72553
124,72554
42,72555
-122,72556
32,72557
143,72558
-82,72559
18,72560
156,72561
-54,72562
-45,72563
166,72564
15,72565
-111,72566
62,72567
90,72568
-75,72569
63,72570
133,72571
-123,72572
-24,72573
122,72574
10,72575
-69,72576
140,72577
70,72578
-89,72579
28,72580
148,72581
-97,72582
4,72583
167,72584
-12,72585
-58,72586
142,72587
65,72588
-93,72589
73,72590
88,72591
-90,72592
26,72593
168,72594
-84,72595
-17,72596
168,72597
-91,72598
-33,72599
144,72600
14,72601
-94,72602
130,72603
119,72604
-112,72605
30,72606
139,72607
-86,72608
-64,72609
142,72610
-7,72611
-47,72612
110,72613
73,72614
-129,72615
25,72616
164,72617
-76,72618
-76,72619
102,72620
37,72621
-77,72622
89,72623
7,72624
-75,72625
123,72626
79,72627
-125,72628
13,72629
146,72630
-74,72631
-70,72632
85,72633
44,72634
-51,72635
99,72636
96,72637
-105,72638
2,72639
120,72640
-60,72641
-87,72642
128,72643
45,72644
-56,72645
102,72646
126,72647
-90,72648
2,72649
140,72650
-57,72651
-42,72652
147,72653
16,72654
-110,72655
78,72656
95,72657
-112,72658
-14,72659
170,72660
-55,72661
-56,72662
120,72663
47,72664
-101,72665
125,72666
45,72667
-93,72668
50,72669
164,72670
-112,72671
-12,72672
125,72673
-56,72674
-24,72675
166,72676
40,72677
-111,72678
62,72679
95,72680
-95,72681
-17,72682
178,72683
-15,72684
-56,72685
149,72686
45,72687
-111,72688
72,72689
103,72690
-83,72691
-14,72692
180,72693
-47,72694
-28,72695
142,72696
40,72697
-48,72698
75,72699
125,72700
-133,72701
5,72702
152,72703
-38,72704
-70,72705
127,72706
-2,72707
-81,72708
129,72709
80,72710
-131,72711
30,72712
137,72713
-126,72714
-16,72715
171,72716
-56,72717
-20,72718
123,72719
24,72720
-113,72721
73,72722
100,72723
-123,72724
-24,72725
-51,72726
99,72727
-3,72728
-42,72729
146,72730
15,72731
-95,72732
71,72733
126,72734
-111,72735
-19,72736
175,72737
-69,72738
-44,72739
119,72740
40,72741
-129,72742
90,72743
105,72744
-127,72745
-17,72746
176,72747
-73,72748
-21,72749
121,72750
44,72751
-112,72752
71,72753
98,72754
-96,72755
2,72756
189,72757
-59,72758
-31,72759
146,72760
0,72761
-90,72762
129,72763
61,72764
-134,72765
93,72766
161,72767
-105,72768
15,72769
151,72770
-74,72771
-68,72772
95,72773
9,72774
-69,72775
138,72776
77,72777
-97,72778
28,72779
137,72780
-105,72781
-61,72782
115,72783
33,72784
-70,72785
138,72786
89,72787
-114,72788
27,72789
154,72790
-128,72791
-23,72792
138,72793
4,72794
-121,72795
126,72796
109,72797
-79,72798
99,72799
137,72800
-101,72801
-7,72802
153,72803
-30,72804
-29,72805
126,72806
65,72807
-81,72808
80,72809
114,72810
-134,72811
29,72812
170,72813
-62,72814
-6,72815
122,72816
3,72817
-85,72818
125,72819
14,72820
-61,72821
98,72822
74,72823
-125,72824
16,72825
145,72826
-89,72827
-61,72828
117,72829
-1,72830
-80,72831
130,72832
95,72833
-112,72834
27,72835
164,72836
-120,72837
-4,72838
119,72839
1,72840
-69,72841
131,72842
30,72843
-47,72844
139,72845
38,72846
-95,72847
116,72848
76,72849
-84,72850
91,72851
143,72852
27,72853
-116,72854
125,72855
102,72856
-63,72857
90,72858
145,72859
-119,72860
-18,72861
135,72862
-12,72863
-91,72864
121,72865
2,72866
-104,72867
120,72868
61,72869
-79,72870
95,72871
142,72872
-100,72873
-1,72874
134,72875
-79,72876
68,72877
29,72878
-83,72879
54,72880
96,72881
-96,72882
-15,72883
159,72884
-55,72885
-39,72886
144,72887
-1,72888
-60,72889
160,72890
32,72891
-45,72892
51,72893
122,72894
-100,72895
84,72896
139,72897
-83,72898
-24,72899
149,72900
-1,72901
-78,72902
161,72903
55,72904
-62,72905
74,72906
97,72907
-142,72908
-17,72909
164,72910
-19,72911
-83,72912
139,72913
39,72914
-54,72915
93,72916
97,72917
-111,72918
73,72919
122,72920
-128,72921
-15,72922
173,72923
-15,72924
-38,72925
145,72926
43,72927
-68,72928
93,72929
97,72930
-112,72931
27,72932
144,72933
-89,72934
-61,72935
117,72936
-34,72937
-23,72938
146,72939
1,72940
-71,72941
92,72942
94,72943
-103,72944
27,72945
167,72946
-72,72947
-61,72948
135,72949
-3,72950
-28,72951
142,72952
7,72953
-49,72954
60,72955
99,72956
-85,72957
6,72958
135,72959
-74,72960
-67,72961
93,72962
26,72963
-70,72964
143,72965
104,72966
-94,72967
45,72968
146,72969
-101,72970
-44,72971
119,72972
-1,72973
-67,72974
127,72975
79,72976
-60,72977
85,72978
121,72979
-86,72980
131,72981
-71,72982
-3,72983
146,72984
-36,72985
-63,72986
142,72987
35,72988
-64,72989
137,72990
75,72991
-87,72992
28,72993
128,72994
-62,72995
-46,72996
155,72997
-21,72998
-69,72999
101,73000
18,73001
-33,73002
149,73003
122,73004
-74,73005
31,73006
128,73007
-41,73008
-8,73009
128,73010
26,73011
-71,73012
126,73013
42,73014
-75,73015
119,73016
136,73017
-64,73018
-4,73019
149,73020
-38,73021
-47,73022
168,73023
42,73024
-60,73025
73,73026
105,73027
-113,73028
-15,73029
179,73030
-74,73031
-43,73032
121,73033
6,73034
-86,73035
110,73036
81,73037
-62,73038
88,73039
163,73040
-33,73041
-31,73042
129,73043
16,73044
-77,73045
114,73046
78,73047
-126,73048
29,73049
148,73050
-88,73051
-67,73052
118,73053
12,73054
-58,73055
148,73056
99,73057
-70,73058
32,73059
151,73060
-58,73061
2,73062
110,73063
-34,73064
-49,73065
130,73066
-5,73067
-76,73068
93,73069
107,73070
-104,73071
47,73072
148,73073
-86,73074
-23,73075
116,73076
10,73077
-37,73078
137,73079
58,73080
-94,73081
93,73082
126,73083
-98,73084
17,73085
191,73086
-54,73087
-37,73088
158,73089
-39,73090
-49,73091
131,73092
53,73093
-77,73094
81,73095
134,73096
-116,73097
-20,73098
154,73099
20,73100
-18,73101
133,73102
40,73103
-72,73104
81,73105
109,73106
-107,73107
-1,73108
90,73109
148,73110
-97,73111
1,73112
160,73113
4,73114
-75,73115
151,73116
39,73117
-89,73118
88,73119
123,73120
-110,73121
3,73122
179,73123
-51,73124
-42,73125
171,73126
23,73127
-111,73128
138,73129
68,73130
-97,73131
91,73132
149,73133
-76,73134
9,73135
128,73136
-22,73137
-73,73138
135,73139
83,73140
-60,73141
110,73142
81,73143
-142,73144
22,73145
162,73146
-105,73147
-68,73148
123,73149
13,73150
-62,73151
158,73152
84,73153
-115,73154
33,73155
154,73156
-71,73157
12,73158
169,73159
-19,73160
-31,73161
175,73162
25,73163
-134,73164
80,73165
101,73166
-68,73167
14,73168
140,73169
-67,73170
-45,73171
154,73172
-10,73173
-73,73174
71,73175
131,73176
-67,73177
68,73178
119,73179
-124,73180
-22,73181
150,73182
-42,73183
-71,73184
129,73185
-14,73186
-89,73187
158,73188
104,73189
-141,73190
37,73191
131,73192
-66,73193
-25,73194
117,73195
-24,73196
-86,73197
132,73198
97,73199
-108,73200
101,73201
102,73202
-74,73203
13,73204
139,73205
-61,73206
-60,73207
151,73208
-35,73209
-77,73210
129,73211
73,73212
-72,73213
67,73214
122,73215
-120,73216
-21,73217
149,73218
18,73219
-69,73220
152,73221
70,73222
-82,73223
60,73224
130,73225
-116,73226
-28,73227
158,73228
5,73229
-74,73230
144,73231
29,73232
-62,73233
73,73234
123,73235
-62,73236
145,73237
65,73238
-100,73239
73,73240
132,73241
-133,73242
-4,73243
154,73244
-40,73245
-79,73246
107,73247
47,73248
-129,73249
76,73250
129,73251
-128,73252
-18,73253
184,73254
-79,73255
-48,73256
121,73257
3,73258
-103,73259
125,73260
68,73261
-78,73262
96,73263
105,73264
-102,73265
28,73266
173,73267
-80,73268
-52,73269
105,73270
12,73271
-28,73272
131,73273
81,73274
-165,73275
37,73276
156,73277
-70,73278
-34,73279
169,73280
-18,73281
-33,73282
168,73283
20,73284
-109,73285
80,73286
99,73287
-94,73288
18,73289
132,73290
-62,73291
-49,73292
152,73293
25,73294
-91,73295
149,73296
66,73297
-104,73298
78,73299
130,73300
-114,73301
-25,73302
150,73303
1,73304
-10,73305
126,73306
31,73307
-93,73308
126,73309
50,73310
-89,73311
40,73312
132,73313
-121,73314
-42,73315
158,73316
1,73317
-128,73318
109,73319
97,73320
-66,73321
94,73322
138,73323
-41,73324
-3,73325
149,73326
-35,73327
-47,73328
128,73329
90,73330
-78,73331
86,73332
150,73333
-115,73334
-28,73335
154,73336
-41,73337
-32,73338
131,73339
33,73340
-98,73341
127,73342
59,73343
-128,73344
43,73345
107,73346
-111,73347
7,73348
157,73349
-87,73350
-82,73351
88,73352
19,73353
-41,73354
147,73355
41,73356
-66,73357
80,73358
55,73359
-128,73360
20,73361
150,73362
-102,73363
-42,73364
-28,73365
-53,73366
149,73367
74,73368
-76,73369
62,73370
132,73371
-116,73372
-22,73373
174,73374
-47,73375
-30,73376
128,73377
54,73378
-72,73379
132,73380
53,73381
-99,73382
84,73383
110,73384
-108,73385
-13,73386
156,73387
-84,73388
-56,73389
107,73390
42,73391
-40,73392
152,73393
54,73394
-77,73395
64,73396
112,73397
-124,73398
6,73399
173,73400
-18,73401
-35,73402
152,73403
19,73404
-93,73405
81,73406
137,73407
-72,73408
7,73409
156,73410
-26,73411
-68,73412
152,73413
19,73414
-65,73415
147,73416
41,73417
-78,73418
82,73419
132,73420
-88,73421
-22,73422
163,73423
-56,73424
-25,73425
125,73426
5,73427
-103,73428
119,73429
46,73430
-96,73431
100,73432
83,73433
-117,73434
3,73435
147,73436
-97,73437
-67,73438
120,73439
36,73440
-65,73441
157,73442
104,73443
-62,73444
127,73445
16,73446
-42,73447
139,73448
81,73449
-124,73450
32,73451
159,73452
-52,73453
-2,73454
130,73455
-19,73456
-49,73457
150,73458
59,73459
-112,73460
67,73461
114,73462
-89,73463
6,73464
159,73465
-68,73466
-62,73467
127,73468
25,73469
-43,73470
117,73471
81,73472
-144,73473
23,73474
141,73475
-72,73476
0,73477
117,73478
-4,73479
-66,73480
136,73481
96,73482
-110,73483
24,73484
149,73485
-66,73486
-38,73487
158,73488
-67,73489
-61,73490
87,73491
-24,73492
-115,73493
12,73494
151,73495
-54,73496
-47,73497
126,73498
23,73499
-51,73500
146,73501
81,73502
-61,73503
111,73504
140,73505
-99,73506
-20,73507
163,73508
16,73509
-64,73510
132,73511
37,73512
-82,73513
121,73514
56,73515
-111,73516
82,73517
146,73518
-75,73519
-22,73520
136,73521
-27,73522
-69,73523
126,73524
94,73525
-53,73526
64,73527
127,73528
-115,73529
-24,73530
146,73531
16,73532
-68,73533
167,73534
47,73535
-115,73536
71,73537
122,73538
-74,73539
16,73540
109,73541
-52,73542
-29,73543
127,73544
-7,73545
-77,73546
108,73547
99,73548
-131,73549
21,73550
162,73551
-103,73552
9,73553
165,73554
-28,73555
-45,73556
146,73557
49,73558
-88,73559
147,73560
50,73561
-82,73562
74,73563
108,73564
-87,73565
-15,73566
156,73567
-66,73568
-41,73569
148,73570
2,73571
-73,73572
134,73573
92,73574
-78,73575
83,73576
146,73577
-94,73578
-29,73579
151,73580
-21,73581
-29,73582
168,73583
25,73584
-74,73585
116,73586
83,73587
-70,73588
113,73589
159,73590
-80,73591
-17,73592
156,73593
-70,73594
4,73595
127,73596
31,73597
-54,73598
131,73599
50,73600
-98,73601
86,73602
168,73603
-69,73604
-6,73605
169,73606
-38,73607
-67,73608
128,73609
43,73610
-84,73611
92,73612
123,73613
-112,73614
-27,73615
168,73616
-18,73617
-29,73618
149,73619
-23,73620
28,73621
152,73622
-37,73623
-65,73624
117,73625
-17,73626
-58,73627
132,73628
98,73629
-93,73630
29,73631
148,73632
-70,73633
-42,73634
165,73635
-20,73636
-116,73637
129,73638
34,73639
-30,73640
151,73641
122,73642
-77,73643
33,73644
148,73645
-61,73646
-8,73647
152,73648
-68,73649
-64,73650
106,73651
-5,73652
-40,73653
122,73654
83,73655
-144,73656
14,73657
158,73658
-113,73659
0,73660
142,73661
-46,73662
-60,73663
151,73664
22,73665
-71,73666
104,73667
112,73668
-105,73669
39,73670
152,73671
-43,73672
-24,73673
121,73674
12,73675
-58,73676
159,73677
97,73678
-100,73679
105,73680
38,73681
-51,73682
154,73683
82,73684
-119,73685
32,73686
140,73687
-109,73688
-33,73689
168,73690
8,73691
-93,73692
134,73693
48,73694
-101,73695
101,73696
176,73697
-73,73698
-10,73699
149,73700
-33,73701
-34,73702
150,73703
74,73704
-67,73705
99,73706
135,73707
-136,73708
-24,73709
176,73710
-25,73711
-46,73712
170,73713
3,73714
-87,73715
158,73716
96,73717
-82,73718
105,73719
170,73720
-90,73721
-5,73722
148,73723
-38,73724
-47,73725
154,73726
69,73727
-64,73728
97,73729
130,73730
-115,73731
-1,73732
163,73733
-6,73734
-46,73735
172,73736
44,73737
-156,73738
71,73739
125,73740
-78,73741
17,73742
192,73743
-70,73744
-58,73745
151,73746
24,73747
-102,73748
-88,73749
-24,73750
164,73751
-19,73752
-118,73753
157,73754
109,73755
-62,73756
86,73757
149,73758
-78,73759
-19,73760
164,73761
-3,73762
-50,73763
153,73764
63,73765
-67,73766
88,73767
167,73768
-133,73769
22,73770
180,73771
-72,73772
-38,73773
166,73774
40,73775
-94,73776
132,73777
102,73778
-58,73779
85,73780
154,73781
-136,73782
6,73783
128,73784
-86,73785
-10,73786
146,73787
28,73788
-102,73789
141,73790
82,73791
-70,73792
77,73793
115,73794
-113,73795
34,73796
156,73797
-61,73798
-74,73799
160,73800
-37,73801
-49,73802
182,73803
60,73804
-110,73805
77,73806
117,73807
-117,73808
-7,73809
184,73810
-38,73811
-27,73812
149,73813
5,73814
-117,73815
72,73816
86,73817
-41,73818
62,73819
141,73820
-135,73821
-12,73822
150,73823
6,73824
-53,73825
123,73826
6,73827
-90,73828
127,73829
87,73830
-81,73831
81,73832
162,73833
-93,73834
-17,73835
167,73836
-27,73837
-100,73838
122,73839
87,73840
-63,73841
83,73842
134,73843
-135,73844
-8,73845
147,73846
-17,73847
-51,73848
146,73849
59,73850
-85,73851
79,73852
95,73853
-49,73854
-6,73855
183,73856
-65,73857
-4,73858
148,73859
-55,73860
-45,73861
119,73862
84,73863
-68,73864
80,73865
121,73866
-129,73867
43,73868
171,73869
-102,73870
1,73871
153,73872
-19,73873
-74,73874
141,73875
34,73876
-69,73877
-25,73878
160,73879
0,73880
-65,73881
128,73882
102,73883
-76,73884
90,73885
95,73886
-124,73887
23,73888
144,73889
-15,73890
-13,73891
122,73892
30,73893
-71,73894
142,73895
41,73896
-77,73897
88,73898
99,73899
-92,73900
18,73901
170,73902
-75,73903
-27,73904
135,73905
20,73906
-51,73907
151,73908
93,73909
-103,73910
48,73911
134,73912
-80,73913
-17,73914
155,73915
-4,73916
-113,73917
99,73918
26,73919
-50,73920
142,73921
114,73922
-54,73923
25,73924
170,73925
-46,73926
15,73927
126,73928
-44,73929
-53,73930
121,73931
34,73932
-63,73933
134,73934
97,73935
-101,73936
26,73937
135,73938
-45,73939
-3,73940
161,73941
22,73942
-87,73943
153,73944
101,73945
-75,73946
90,73947
142,73948
-121,73949
-17,73950
151,73951
-12,73952
-57,73953
186,73954
53,73955
-82,73956
81,73957
132,73958
-68,73959
91,73960
160,73961
-124,73962
-19,73963
153,73964
-3,73965
-54,73966
150,73967
25,73968
-69,73969
127,73970
56,73971
-101,73972
98,73973
160,73974
-103,73975
-20,73976
137,73977
-41,73978
-51,73979
184,73980
47,73981
-103,73982
75,73983
142,73984
-89,73985
-1,73986
158,73987
-74,73988
-48,73989
147,73990
10,73991
-77,73992
103,73993
71,73994
-125,73995
29,73996
139,73997
-69,73998
-8,73999
187,74000
-31,74001
-48,74002
154,74003
40,74004
-77,74005
143,74006
4,74007
-50,74008
145,74009
94,74010
-53,74011
44,74012
155,74013
-81,74014
-16,74015
154,74016
-23,74017
-25,74018
126,74019
83,74020
-60,74021
64,74022
132,74023
-132,74024
25,74025
151,74026
-69,74027
-32,74028
169,74029
7,74030
-94,74031
113,74032
109,74033
-98,74034
24,74035
156,74036
-103,74037
-63,74038
114,74039
13,74040
-44,74041
147,74042
42,74043
-91,74044
133,74045
99,74046
-135,74047
29,74048
145,74049
-98,74050
-16,74051
125,74052
8,74053
-68,74054
151,74055
-49,74056
-78,74057
141,74058
98,74059
-124,74060
28,74061
137,74062
-40,74063
30,74064
185,74065
-75,74066
-43,74067
123,74068
8,74069
-62,74070
145,74071
76,74072
-95,74073
-5,74074
165,74075
-44,74076
-18,74077
166,74078
36,74079
-79,74080
74,74081
93,74082
-62,74083
80,74084
143,74085
-111,74086
-2,74087
172,74088
-51,74089
-44,74090
171,74091
2,74092
-78,74093
71,74094
103,74095
-111,74096
35,74097
144,74098
-71,74099
4,74100
150,74101
21,74102
-89,74103
121,74104
96,74105
-81,74106
15,74107
165,74108
-82,74109
-77,74110
141,74111
34,74112
-48,74113
181,74114
55,74115
-139,74116
68,74117
151,74118
-82,74119
17,74120
154,74121
-104,74122
-45,74123
115,74124
-3,74125
-53,74126
143,74127
88,74128
-94,74129
79,74130
143,74131
-54,74132
-49,74133
137,74134
67,74135
-87,74136
99,74137
164,74138
-100,74139
-20,74140
173,74141
6,74142
-46,74143
137,74144
59,74145
-135,74146
69,74147
148,74148
-94,74149
17,74150
137,74151
-110,74152
-1,74153
173,74154
-71,74155
-28,74156
148,74157
2,74158
-95,74159
61,74160
96,74161
-108,74162
23,74163
142,74164
-85,74165
-11,74166
120,74167
0,74168
-84,74169
131,74170
99,74171
-80,74172
70,74173
157,74174
-70,74175
-4,74176
174,74177
-71,74178
-29,74179
144,74180
39,74181
-79,74182
142,74183
55,74184
-104,74185
74,74186
113,74187
-90,74188
32,74189
151,74190
-66,74191
-15,74192
144,74193
-19,74194
-22,74195
159,74196
15,74197
-73,74198
93,74199
148,74200
-79,74201
5,74202
150,74203
-32,74204
-49,74205
113,74206
35,74207
-95,74208
119,74209
111,74210
-106,74211
92,74212
163,74213
-115,74214
-11,74215
166,74216
-20,74217
-22,74218
160,74219
13,74220
-114,74221
71,74222
73,74223
-53,74224
151,74225
87,74226
-102,74227
66,74228
168,74229
-74,74230
-5,74231
160,74232
-41,74233
-44,74234
147,74235
22,74236
-101,74237
99,74238
116,74239
-71,74240
-3,74241
144,74242
-96,74243
-5,74244
141,74245
-47,74246
-36,74247
168,74248
8,74249
-95,74250
121,74251
107,74252
-116,74253
41,74254
148,74255
-80,74256
-19,74257
168,74258
27,74259
-66,74260
-106,74261
46,74262
170,74263
-98,74264
-10,74265
142,74266
-39,74267
-62,74268
148,74269
10,74270
-92,74271
130,74272
60,74273
-99,74274
141,74275
77,74276
-104,74277
29,74278
170,74279
-20,74280
-28,74281
159,74282
-2,74283
-117,74284
131,74285
99,74286
-66,74287
83,74288
119,74289
-133,74290
-1,74291
162,74292
-72,74293
-30,74294
170,74295
7,74296
-114,74297
89,74298
105,74299
-92,74300
94,74301
89,74302
-102,74303
102,74304
136,74305
-128,74306
-4,74307
143,74308
3,74309
-54,74310
122,74311
76,74312
-104,74313
28,74314
143,74315
-46,74316
-27,74317
126,74318
3,74319
-83,74320
105,74321
38,74322
-46,74323
141,74324
121,74325
-73,74326
21,74327
158,74328
-124,74329
-43,74330
160,74331
1,74332
-50,74333
129,74334
93,74335
-61,74336
75,74337
157,74338
-110,74339
-21,74340
176,74341
-135,74342
8,74343
169,74344
-55,74345
-32,74346
165,74347
89,74348
-86,74349
78,74350
126,74351
-76,74352
98,74353
111,74354
-113,74355
28,74356
146,74357
-94,74358
-20,74359
128,74360
-68,74361
-52,74362
150,74363
16,74364
-49,74365
94,74366
102,74367
-125,74368
26,74369
123,74370
-70,74371
-12,74372
156,74373
-68,74374
-1,74375
156,74376
-1,74377
-27,74378
145,74379
43,74380
-82,74381
76,74382
101,74383
-81,74384
96,74385
140,74386
-78,74387
-31,74388
24,74389
160,74390
-103,74391
-53,74392
121,74393
29,74394
-52,74395
144,74396
95,74397
-72,74398
50,74399
150,74400
-129,74401
1,74402
157,74403
-84,74404
-74,74405
121,74406
-83,74407
-41,74408
159,74409
4,74410
-46,74411
124,74412
97,74413
-78,74414
83,74415
99,74416
-76,74417
29,74418
170,74419
-80,74420
-21,74421
131,74422
-25,74423
-85,74424
119,74425
65,74426
-44,74427
79,74428
148,74429
-111,74430
22,74431
151,74432
-75,74433
-43,74434
129,74435
-27,74436
-69,74437
123,74438
31,74439
-42,74440
139,74441
76,74442
-117,74443
26,74444
157,74445
-84,74446
-28,74447
170,74448
-63,74449
-51,74450
98,74451
33,74452
-43,74453
141,74454
80,74455
-97,74456
63,74457
90,74458
-112,74459
32,74460
125,74461
-115,74462
-6,74463
146,74464
-19,74465
-60,74466
135,74467
28,74468
-118,74469
130,74470
82,74471
-62,74472
84,74473
107,74474
-92,74475
15,74476
118,74477
-21,74478
-91,74479
131,74480
18,74481
-91,74482
143,74483
94,74484
-60,74485
87,74486
125,74487
-95,74488
50,74489
135,74490
-43,74491
91,74492
162,74493
-118,74494
-12,74495
148,74496
-40,74497
-48,74498
141,74499
40,74500
-96,74501
73,74502
81,74503
-60,74504
87,74505
141,74506
-119,74507
-10,74508
147,74509
-37,74510
-22,74511
120,74512
3,74513
-56,74514
134,74515
39,74516
158,74517
-37,74518
-30,74519
186,74520
41,74521
-94,74522
98,74523
92,74524
-88,74525
108,74526
141,74527
-122,74528
-14,74529
169,74530
-14,74531
-44,74532
189,74533
41,74534
-88,74535
148,74536
101,74537
-100,74538
95,74539
142,74540
-100,74541
-17,74542
175,74543
14,74544
-73,74545
185,74546
44,74547
-79,74548
103,74549
100,74550
-69,74551
17,74552
191,74553
-95,74554
-64,74555
126,74556
22,74557
-34,74558
147,74559
79,74560
-102,74561
25,74562
154,74563
-70,74564
-7,74565
187,74566
-72,74567
-45,74568
121,74569
7,74570
-50,74571
144,74572
103,74573
-102,74574
31,74575
99,74576
-89,74577
34,74578
150,74579
-73,74580
-63,74581
103,74582
13,74583
-83,74584
187,74585
31,74586
-96,74587
89,74588
135,74589
-92,74590
12,74591
170,74592
-93,74593
-70,74594
101,74595
14,74596
-48,74597
140,74598
81,74599
-103,74600
23,74601
136,74602
-51,74603
-29,74604
125,74605
-70,74606
-90,74607
131,74608
12,74609
-43,74610
143,74611
81,74612
-119,74613
29,74614
153,74615
-102,74616
96,74617
171,74618
-123,74619
-21,74620
159,74621
-13,74622
-55,74623
190,74624
18,74625
-101,74626
134,74627
112,74628
-60,74629
91,74630
168,74631
-120,74632
-16,74633
180,74634
-14,74635
-21,74636
126,74637
69,74638
-69,74639
130,74640
107,74641
-61,74642
99,74643
141,74644
146,74645
67,74646
-91,74647
97,74648
99,74649
-111,74650
-1,74651
128,74652
-63,74653
-61,74654
84,74655
21,74656
-49,74657
151,74658
83,74659
-113,74660
30,74661
171,74662
-89,74663
1,74664
157,74665
-64,74666
-77,74667
101,74668
35,74669
-52,74670
144,74671
149,74672
-134,74673
-22,74674
160,74675
-69,74676
-44,74677
159,74678
-89,74679
-97,74680
162,74681
-49,74682
-39,74683
172,74684
34,74685
-96,74686
107,74687
130,74688
-85,74689
45,74690
136,74691
-86,74692
-47,74693
115,74694
-19,74695
-66,74696
130,74697
92,74698
-70,74699
45,74700
169,74701
-97,74702
7,74703
149,74704
-39,74705
-46,74706
119,74707
-25,74708
-85,74709
135,74710
76,74711
-110,74712
99,74713
108,74714
-102,74715
45,74716
143,74717
-76,74718
-65,74719
118,74720
36,74721
-44,74722
147,74723
23,74724
-74,74725
96,74726
82,74727
-108,74728
38,74729
160,74730
-51,74731
-4,74732
134,74733
34,74734
-82,74735
145,74736
16,74737
-76,74738
90,74739
77,74740
-104,74741
15,74742
158,74743
-92,74744
-14,74745
174,74746
-42,74747
-54,74748
164,74749
-3,74750
-59,74751
115,74752
77,74753
-129,74754
14,74755
137,74756
-90,74757
5,74758
131,74759
5,74760
-72,74761
123,74762
104,74763
-59,74764
90,74765
136,74766
-149,74767
35,74768
142,74769
-91,74770
-13,74771
124,74772
-35,74773
123,74774
39,74775
-89,74776
75,74777
149,74778
-94,74779
-4,74780
162,74781
-119,74782
-29,74783
151,74784
-42,74785
-28,74786
123,74787
19,74788
-112,74789
59,74790
80,74791
-78,74792
88,74793
123,74794
-120,74795
-12,74796
172,74797
-41,74798
-47,74799
129,74800
4,74801
-84,74802
111,74803
104,74804
-60,74805
86,74806
165,74807
-120,74808
-15,74809
175,74810
-18,74811
-30,74812
125,74813
26,74814
-132,74815
93,74816
100,74817
-96,74818
36,74819
126,74820
-67,74821
-62,74822
106,74823
13,74824
-44,74825
128,74826
83,74827
-99,74828
13,74829
151,74830
-57,74831
-30,74832
127,74833
6,74834
-108,74835
149,74836
101,74837
-100,74838
96,74839
140,74840
-123,74841
-17,74842
155,74843
-32,74844
-57,74845
153,74846
37,74847
-89,74848
135,74849
18,74850
-78,74851
117,74852
79,74853
-128,74854
36,74855
158,74856
-109,74857
-44,74858
132,74859
-10,74860
-95,74861
130,74862
48,74863
-77,74864
92,74865
79,74866
-141,74867
41,74868
142,74869
-73,74870
-24,74871
132,74872
-61,74873
-42,74874
150,74875
24,74876
-71,74877
86,74878
105,74879
-105,74880
46,74881
146,74882
-96,74883
-22,74884
140,74885
5,74886
-83,74887
140,74888
53,74889
-93,74890
88,74891
168,74892
-100,74893
8,74894
151,74895
-32,74896
-74,74897
151,74898
46,74899
-91,74900
135,74901
15,74902
-100,74903
128,74904
52,74905
-114,74906
104,74907
134,74908
-69,74909
-6,74910
148,74911
-40,74912
-89,74913
145,74914
41,74915
-65,74916
90,74917
124,74918
-110,74919
102,74920
150,74921
-72,74922
8,74923
151,74924
-35,74925
-49,74926
131,74927
0,74928
-62,74929
136,74930
90,74931
-126,74932
26,74933
149,74934
-100,74935
3,74936
155,74937
-28,74938
-74,74939
147,74940
70,74941
-80,74942
83,74943
123,74944
-87,74945
-18,74946
178,74947
-56,74948
-31,74949
170,74950
11,74951
-86,74952
96,74953
109,74954
-88,74955
26,74956
157,74957
-80,74958
-46,74959
200,74960
-13,74961
-58,74962
157,74963
-84,74964
-70,74965
124,74966
8,74967
-37,74968
147,74969
97,74970
-88,74971
9,74972
153,74973
-88,74974
-43,74975
166,74976
-9,74977
-77,74978
132,74979
103,74980
-76,74981
64,74982
144,74983
-116,74984
-24,74985
169,74986
-5,74987
-65,74988
163,74989
22,74990
-129,74991
125,74992
101,74993
-62,74994
84,74995
143,74996
-98,74997
1,74998
151,74999
-22,75000
-6,75001
125,75002
10,75003
-54,75004
126,75005
81,75006
-61,75007
71,75008
137,75009
-141,75010
33,75011
121,75012
-79,75013
-31,75014
128,75015
2,75016
-115,75017
117,75018
13,75019
-41,75020
116,75021
79,75022
-126,75023
40,75024
153,75025
-89,75026
-15,75027
158,75028
21,75029
154,75030
-47,75031
-90,75032
128,75033
12,75034
-42,75035
125,75036
77,75037
-68,75038
132,75039
64,75040
-77,75041
94,75042
139,75043
-62,75044
-4,75045
164,75046
-14,75047
-80,75048
147,75049
42,75050
-83,75051
67,75052
101,75053
-96,75054
21,75055
142,75056
-34,75057
-30,75058
126,75059
19,75060
-61,75061
118,75062
79,75063
-145,75064
41,75065
135,75066
-111,75067
-19,75068
148,75069
41,75070
-83,75071
67,75072
142,75073
-98,75074
19,75075
159,75076
-50,75077
-71,75078
128,75079
22,75080
-80,75081
117,75082
80,75083
-114,75084
22,75085
135,75086
-71,75087
19,75088
154,75089
-68,75090
-71,75091
129,75092
17,75093
-80,75094
119,75095
74,75096
-72,75097
89,75098
103,75099
-98,75100
20,75101
159,75102
-64,75103
-29,75104
131,75105
14,75106
-39,75107
119,75108
79,75109
-123,75110
14,75111
133,75112
-91,75113
-12,75114
132,75115
27,75116
-71,75117
128,75118
86,75119
-78,75120
93,75121
119,75122
-121,75123
0,75124
157,75125
-39,75126
-48,75127
131,75128
-51,75129
-86,75130
105,75131
13,75132
-24,75133
125,75134
81,75135
-99,75136
35,75137
137,75138
-59,75139
-6,75140
129,75141
12,75142
-79,75143
132,75144
81,75145
-63,75146
85,75147
144,75148
-119,75149
-26,75150
158,75151
-114,75152
-25,75153
167,75154
4,75155
-133,75156
52,75157
-112,75158
100,75159
136,75160
-91,75161
-23,75162
143,75163
-24,75164
-58,75165
135,75166
12,75167
-95,75168
139,75169
108,75170
-101,75171
116,75172
137,75173
-54,75174
32,75175
132,75176
-81,75177
-10,75178
130,75179
12,75180
-103,75181
132,75182
77,75183
-78,75184
84,75185
125,75186
-116,75187
-22,75188
171,75189
-47,75190
-43,75191
126,75192
21,75193
-109,75194
73,75195
138,75196
-89,75197
4,75198
141,75199
-79,75200
-45,75201
96,75202
-7,75203
-70,75204
141,75205
78,75206
-86,75207
90,75208
103,75209
-113,75210
15,75211
144,75212
-88,75213
-63,75214
154,75215
37,75216
-72,75217
72,75218
99,75219
-95,75220
-4,75221
116,75222
-64,75223
-43,75224
101,75225
25,75226
-46,75227
129,75228
121,75229
-91,75230
33,75231
153,75232
-108,75233
-46,75234
148,75235
-19,75236
-70,75237
119,75238
70,75239
-82,75240
94,75241
127,75242
-87,75243
-24,75244
168,75245
-49,75246
-49,75247
148,75248
-25,75249
-70,75250
139,75251
38,75252
-72,75253
89,75254
98,75255
-101,75256
108,75257
163,75258
-120,75259
-12,75260
154,75261
-22,75262
-49,75263
125,75264
21,75265
-80,75266
151,75267
97,75268
-56,75269
61,75270
111,75271
-90,75272
-14,75273
152,75274
-39,75275
-29,75276
149,75277
25,75278
-75,75279
87,75280
77,75281
-107,75282
38,75283
136,75284
59,75285
-61,75286
83,75287
97,75288
-117,75289
21,75290
169,75291
-71,75292
-85,75293
102,75294
24,75295
-25,75296
164,75297
20,75298
-89,75299
87,75300
104,75301
-107,75302
45,75303
148,75304
-87,75305
30,75306
169,75307
-30,75308
-17,75309
166,75310
-3,75311
-79,75312
146,75313
60,75314
-92,75315
74,75316
24,75317
-49,75318
169,75319
23,75320
-111,75321
95,75322
123,75323
-92,75324
12,75325
156,75326
-87,75327
-13,75328
174,75329
-38,75330
-50,75331
150,75332
25,75333
-76,75334
93,75335
106,75336
-66,75337
91,75338
104,75339
-98,75340
1,75341
131,75342
-72,75343
-80,75344
106,75345
17,75346
-36,75347
150,75348
102,75349
-89,75350
50,75351
149,75352
-100,75353
9,75354
150,75355
-21,75356
-62,75357
148,75358
48,75359
-91,75360
134,75361
79,75362
-78,75363
86,75364
143,75365
-118,75366
-17,75367
147,75368
-45,75369
-39,75370
152,75371
-18,75372
-67,75373
100,75374
83,75375
-125,75376
18,75377
167,75378
-59,75379
19,75380
121,75381
-73,75382
-88,75383
129,75384
0,75385
-50,75386
157,75387
100,75388
-92,75389
29,75390
152,75391
-144,75392
5,75393
154,75394
-32,75395
-59,75396
154,75397
42,75398
-70,75399
72,75400
92,75401
-80,75402
113,75403
141,75404
-79,75405
-30,75406
170,75407
-47,75408
-43,75409
170,75410
16,75411
-148,75412
160,75413
-1,75414
-46,75415
164,75416
19,75417
-109,75418
88,75419
109,75420
-109,75421
27,75422
167,75423
-95,75424
-22,75425
132,75426
13,75427
-96,75428
128,75429
79,75430
-56,75431
118,75432
85,75433
-75,75434
17,75435
154,75436
-52,75437
-47,75438
159,75439
-65,75440
-72,75441
120,75442
-35,75443
-88,75444
135,75445
69,75446
-89,75447
87,75448
170,75449
-83,75450
-6,75451
164,75452
9,75453
-65,75454
147,75455
36,75456
-128,75457
93,75458
152,75459
-70,75460
5,75461
152,75462
-88,75463
-55,75464
122,75465
5,75466
-85,75467
131,75468
94,75469
-89,75470
88,75471
103,75472
-106,75473
31,75474
161,75475
-72,75476
-20,75477
131,75478
11,75479
-113,75480
127,75481
18,75482
-24,75483
126,75484
80,75485
-114,75486
31,75487
150,75488
-56,75489
-48,75490
146,75491
-22,75492
-70,75493
121,75494
90,75495
-63,75496
83,75497
119,75498
-86,75499
-15,75500
147,75501
-51,75502
-62,75503
149,75504
0,75505
-80,75506
115,75507
78,75508
-125,75509
40,75510
147,75511
-86,75512
19,75513
160,75514
-69,75515
-58,75516
103,75517
10,75518
-34,75519
149,75520
98,75521
-86,75522
29,75523
148,75524
-80,75525
6,75526
153,75527
-32,75528
-46,75529
150,75530
-8,75531
-78,75532
127,75533
43,75534
-53,75535
119,75536
155,75537
-124,75538
-7,75539
140,75540
-115,75541
24,75542
147,75543
-101,75544
-67,75545
120,75546
17,75547
-56,75548
128,75549
64,75550
-94,75551
115,75552
147,75553
-83,75554
-19,75555
162,75556
-17,75557
-42,75558
127,75559
6,75560
-103,75561
131,75562
103,75563
-63,75564
83,75565
147,75566
-117,75567
-98,75568
105,75569
-31,75570
-59,75571
133,75572
96,75573
-90,75574
66,75575
168,75576
-104,75577
46,75578
147,75579
-100,75580
-62,75581
112,75582
12,75583
-78,75584
130,75585
109,75586
-80,75587
94,75588
162,75589
-126,75590
45,75591
153,75592
-84,75593
-25,75594
138,75595
-24,75596
-89,75597
121,75598
18,75599
-51,75600
149,75601
112,75602
-98,75603
42,75604
165,75605
-92,75606
-12,75607
162,75608
-93,75609
-37,75610
162,75611
-11,75612
-60,75613
140,75614
76,75615
-112,75616
120,75617
126,75618
-117,75619
-11,75620
137,75621
-26,75622
-29,75623
171,75624
5,75625
-90,75626
37,75627
94,75628
-111,75629
-9,75630
179,75631
-75,75632
-55,75633
91,75634
25,75635
-46,75636
138,75637
63,75638
-118,75639
39,75640
87,75641
-74,75642
-10,75643
120,75644
-71,75645
-90,75646
111,75647
1,75648
-113,75649
179,75650
23,75651
-118,75652
69,75653
115,75654
-131,75655
38,75656
173,75657
-87,75658
-40,75659
123,75660
-4,75661
-76,75662
127,75663
75,75664
-121,75665
82,75666
145,75667
-49,75668
-141,75669
6,75670
126,75671
-33,75672
-30,75673
135,75674
-15,75675
-73,75676
117,75677
106,75678
-56,75679
90,75680
127,75681
-74,75682
-8,75683
123,75684
-36,75685
-40,75686
131,75687
31,75688
-101,75689
76,75690
88,75691
-75,75692
-8,75693
127,75694
-72,75695
-36,75696
91,75697
50,75698
-46,75699
125,75700
60,75701
-116,75702
25,75703
153,75704
-37,75705
-21,75706
111,75707
-4,75708
-82,75709
121,75710
89,75711
-60,75712
80,75713
154,75714
-106,75715
8,75716
189,75717
-74,75718
-15,75719
145,75720
-31,75721
-46,75722
126,75723
77,75724
-45,75725
78,75726
158,75727
-70,75728
61,75729
151,75730
-75,75731
-10,75732
155,75733
-57,75734
-51,75735
126,75736
67,75737
-89,75738
95,75739
104,75740
-112,75741
-13,75742
148,75743
-54,75744
-48,75745
148,75746
-26,75747
-104,75748
111,75749
96,75750
-81,75751
34,75752
124,75753
-79,75754
-20,75755
121,75756
-34,75757
-62,75758
150,75759
-23,75760
-101,75761
82,75762
98,75763
-88,75764
73,75765
105,75766
-112,75767
27,75768
167,75769
-97,75770
4,75771
151,75772
-20,75773
-28,75774
182,75775
89,75776
-42,75777
19,75778
150,75779
-96,75780
-44,75781
108,75782
36,75783
-37,75784
142,75785
80,75786
-71,75787
100,75788
146,75789
-110,75790
21,75791
132,75792
-59,75793
-52,75794
104,75795
84,75796
-83,75797
8,75798
109,75799
-96,75800
-9,75801
132,75802
-31,75803
-63,75804
131,75805
51,75806
-73,75807
77,75808
80,75809
-96,75810
0,75811
144,75812
-77,75813
-37,75814
137,75815
-5,75816
-96,75817
105,75818
41,75819
-72,75820
98,75821
90,75822
-137,75823
20,75824
146,75825
-55,75826
-52,75827
144,75828
-31,75829
-104,75830
109,75831
72,75832
-144,75833
28,75834
145,75835
-90,75836
-38,75837
165,75838
-120,75839
-82,75840
117,75841
-47,75842
-46,75843
102,75844
61,75845
-124,75846
78,75847
114,75848
-137,75849
21,75850
176,75851
-70,75852
-25,75853
179,75854
7,75855
-75,75856
121,75857
94,75858
-92,75859
105,75860
131,75861
-161,75862
18,75863
197,75864
-66,75865
-36,75866
198,75867
13,75868
-86,75869
114,75870
122,75871
-92,75872
48,75873
179,75874
-75,75875
1,75876
160,75877
-29,75878
-45,75879
174,75880
30,75881
-109,75882
117,75883
142,75884
-91,75885
26,75886
179,75887
-68,75888
25,75889
166,75890
-141,75891
-6,75892
178,75893
-31,75894
-94,75895
125,75896
85,75897
-89,75898
87,75899
149,75900
-114,75901
60,75902
175,75903
-60,75904
-9,75905
166,75906
-49,75907
-74,75908
138,75909
84,75910
-56,75911
132,75912
74,75913
-121,75914
58,75915
156,75916
-121,75917
-32,75918
186,75919
-74,75920
-51,75921
174,75922
-41,75923
-66,75924
146,75925
-49,75926
-97,75927
150,75928
-19,75929
-51,75930
79,75931
83,75932
-132,75933
4,75934
138,75935
-117,75936
-71,75937
94,75938
-29,75939
-85,75940
98,75941
59,75942
-59,75943
114,75944
81,75945
-131,75946
83,75947
126,75948
-112,75949
-22,75950
104,75951
-74,75952
-42,75953
115,75954
-33,75955
-63,75956
109,75957
103,75958
-131,75959
83,75960
124,75961
-130,75962
10,75963
111,75964
-22,75965
-59,75966
144,75967
57,75968
-73,75969
137,75970
73,75971
-89,75972
102,75973
148,75974
-107,75975
12,75976
145,75977
-87,75978
-12,75979
164,75980
1,75981
-91,75982
131,75983
-41,75984
-84,75985
106,75986
39,75987
-142,75988
38,75989
121,75990
-117,75991
-45,75992
136,75993
-63,75994
-96,75995
123,75996
39,75997
-96,75998
79,75999
137,76000
-117,76001
-18,76002
152,76003
-74,76004
-42,76005
153,76006
-64,76007
-99,76008
113,76009
60,76010
-78,76011
79,76012
119,76013
-126,76014
-22,76015
102,76016
-111,76017
23,76018
133,76019
-74,76020
-84,76021
157,76022
-11,76023
-68,76024
120,76025
85,76026
-82,76027
48,76028
146,76029
-56,76030
-87,76031
163,76032
-19,76033
-90,76034
123,76035
48,76036
-98,76037
40,76038
107,76039
-103,76040
46,76041
167,76042
-95,76043
-49,76044
182,76045
-17,76046
-82,76047
130,76048
63,76049
-142,76050
58,76051
148,76052
122,76053
-38,76054
-68,76055
112,76056
79,76057
-142,76058
43,76059
155,76060
-114,76061
-2,76062
130,76063
-68,76064
-82,76065
100,76066
40,76067
-95,76068
81,76069
115,76070
-98,76071
1,76072
157,76073
-53,76074
-57,76075
112,76076
21,76077
-49,76078
73,76079
21,76080
-97,76081
79,76082
95,76083
-102,76084
32,76085
100,76086
-90,76087
64,76088
161,76089
-93,76090
-54,76091
135,76092
-20,76093
-122,76094
112,76095
-2,76096
-71,76097
56,76098
100,76099
-128,76100
-12,76101
147,76102
-96,76103
-22,76104
133,76105
-44,76106
-88,76107
92,76108
38,76109
-95,76110
81,76111
1,76112
-74,76113
33,76114
99,76115
-105,76116
2,76117
154,76118
-100,76119
-66,76120
118,76121
2,76122
-91,76123
117,76124
62,76125
-98,76126
62,76127
156,76128
-96,76129
-10,76130
123,76131
-63,76132
-82,76133
120,76134
80,76135
-96,76136
58,76137
127,76138
-95,76139
1,76140
144,76141
-6,76142
-94,76143
120,76144
18,76145
-70,76146
71,76147
110,76148
-105,76149
25,76150
163,76151
-79,76152
2,76153
126,76154
-54,76155
-52,76156
110,76157
38,76158
-49,76159
55,76160
113,76161
-112,76162
-34,76163
152,76164
-68,76165
-63,76166
136,76167
11,76168
-68,76169
72,76170
104,76171
-124,76172
24,76173
150,76174
-118,76175
39,76176
137,76177
-75,76178
-24,76179
